{"cameraMode":{"drawMode":0,"name":"Shaded","section":"Shading Mode"},"sceneLighting":false,"audioPlay":false,"sceneViewState":{"showFog":true,"showMaterialUpdate":false,"showSkybox":true,"showFlares":true,"showImageEffects":true,"showParticleSystems":true},"in2DMode":false,"pivot":{"x":-2.7893590927124025,"y":2.9651358127593996,"z":-0.6788177490234375},"rotation":{"x":-0.0015045612817630172,"y":0.9812439680099487,"z":-0.007663669530302286,"w":-0.19261181354522706},"size":5.14523458480835,"orthographic":false}