{"cameraMode":{"drawMode":0,"name":"Shaded","section":"Shading Mode"},"sceneLighting":false,"audioPlay":false,"sceneViewState":{"showFog":true,"showMaterialUpdate":false,"showSkybox":true,"showFlares":true,"showImageEffects":true,"showParticleSystems":true},"in2DMode":false,"pivot":{"x":19.055519104003908,"y":2.200546979904175,"z":-23.335620880126954},"rotation":{"x":-0.034168459475040439,"y":-0.9137151837348938,"z":0.07859929651021958,"w":-0.39721447229385378},"size":2.7988815307617189,"orthographic":false}