{"cameraMode":{"drawMode":0,"name":"Shaded","section":"Shading Mode"},"sceneLighting":false,"audioPlay":false,"sceneViewState":{"showFog":true,"showMaterialUpdate":false,"showSkybox":true,"showFlares":true,"showImageEffects":true,"showParticleSystems":true},"in2DMode":false,"pivot":{"x":0.018524914979934694,"y":0.2295345664024353,"z":0.16304653882980348},"rotation":{"x":-0.07972339540719986,"y":-0.0071950070559978489,"z":0.0005759946652688086,"w":-0.9967909455299377},"size":2.2050108909606935,"orthographic":false}