{"cameraMode":{"drawMode":0,"name":"Shaded","section":"Shading Mode"},"sceneLighting":true,"audioPlay":false,"sceneViewState":{"showFog":true,"showMaterialUpdate":false,"showSkybox":true,"showFlares":true,"showImageEffects":true,"showParticleSystems":true},"in2DMode":false,"pivot":{"x":1.2375372648239136,"y":2.865922689437866,"z":-0.5667715072631836},"rotation":{"x":0.0000460338887933176,"y":0.999250590801239,"z":0.0011882873950526119,"w":-0.0386899933218956},"size":7.608091354370117,"orthographic":false}